{
    "lenX": [
        20,
        "entries"
    ],
    "lenY": [
        null,
        "entries"
    ],
    "r0_circ_gen": [
        0.0015685770000004595,
        "seconds"
    ],
    "r0_circ_sim": [
        8.783369631,
        "seconds"
    ],
    "avg_circ_sim": [
        4.3916848155,
        "seconds"
    ],
    "avg_mps_mem": [
        0.0059814453125,
        "MiB"
    ],
    "r0_broadcast": [
        0.23896468400000082,
        "seconds"
    ],
    "gpu_mps_mem": [
        0.11962890625,
        "MiB"
    ],
    "r0_product": [
        2.402045168000001,
        "seconds"
    ],
    "avg_product": [
        0.20017043066666673,
        "seconds"
    ],
    "total_time": [
        11.427007225,
        "seconds"
    ]
}