{
    "lenX": [
        20,
        "entries"
    ],
    "lenY": [
        null,
        "entries"
    ],
    "r0_circ_gen": [
        0.10730030500000254,
        "seconds"
    ],
    "r0_circ_sim": [
        28.352020186000004,
        "seconds"
    ],
    "avg_circ_sim": [
        2.8352020186000004,
        "seconds"
    ],
    "avg_mps_mem": [
        0.0792236328125,
        "MiB"
    ],
    "r0_broadcast": [
        0.5318996379999987,
        "seconds"
    ],
    "gpu_mps_mem": [
        1.58447265625,
        "MiB"
    ],
    "r0_product": [
        44.660681115,
        "seconds"
    ],
    "avg_product": [
        0.47011243278947373,
        "seconds"
    ],
    "total_time": [
        73.732533327,
        "seconds"
    ]
}