{
    "lenX": [
        16,
        "entries"
    ],
    "lenY": [
        null,
        "entries"
    ],
    "n_tiles": [
        64,
        "tiles"
    ],
    "value_of_zero": [
        1e-16,
        ""
    ],
    "vdots_per_tile": [
        4,
        "entries"
    ],
    "total_time": [
        9841.105487068,
        "seconds"
    ],
    "median_tile_time": [
        277.508420684,
        "seconds"
    ],
    "median_circ_sim": [
        53.802735563,
        "seconds"
    ],
    "median_product": [
        0.008820103999999999,
        "seconds"
    ],
    "ave max chi x": [
        28.333333333333332,
        "chi x"
    ],
    "ave max chi y": [
        25.166666666666668,
        "chi y"
    ]
}