{
    "lenX": [
        20,
        "entries"
    ],
    "lenY": [
        null,
        "entries"
    ],
    "r0_circ_gen": [
        0.03314929000000433,
        "seconds"
    ],
    "r0_circ_sim": [
        15.370612999999999,
        "seconds"
    ],
    "avg_circ_sim": [
        5.1235376666666665,
        "seconds"
    ],
    "avg_mps_mem": [
        0.0792236328125,
        "MiB"
    ],
    "r0_broadcast": [
        0.14509853199999867,
        "seconds"
    ],
    "gpu_mps_mem": [
        1.58447265625,
        "MiB"
    ],
    "r0_product": [
        27.798844289999998,
        "seconds"
    ],
    "avg_product": [
        1.15828517875,
        "seconds"
    ],
    "total_time": [
        43.34926721899999,
        "seconds"
    ]
}