{
    "lenX": [
        20,
        "entries"
    ],
    "lenY": [
        null,
        "entries"
    ],
    "r0_circ_gen": [
        0.006421058000000812,
        "seconds"
    ],
    "r0_circ_sim": [
        9.758511313000001,
        "seconds"
    ],
    "avg_circ_sim": [
        3.252837104333334,
        "seconds"
    ],
    "avg_mps_mem": [
        0.0230712890625,
        "MiB"
    ],
    "r0_broadcast": [
        0.045551978999998965,
        "seconds"
    ],
    "gpu_mps_mem": [
        0.46142578125,
        "MiB"
    ],
    "r0_product": [
        0.5479123979999976,
        "seconds"
    ],
    "avg_product": [
        0.0228296832499999,
        "seconds"
    ],
    "total_time": [
        10.419496593999998,
        "seconds"
    ]
}