{
    "lenX": [
        1200,
        "entries"
    ],
    "lenY": [
        null,
        "entries"
    ],
    "r0_circ_gen": [
        0.14033259699999956,
        "seconds"
    ],
    "r0_circ_sim": [
        191.67883828900003,
        "seconds"
    ],
    "avg_circ_sim": [
        2.555717843853334,
        "seconds"
    ],
    "avg_mps_mem": [
        0.0230712890625,
        "MiB"
    ],
    "r0_broadcast": [
        3.3157968129999915,
        "seconds"
    ],
    "gpu_mps_mem": [
        27.685546875,
        "MiB"
    ],
    "r0_product": [
        987.7049403159999,
        "seconds"
    ],
    "avg_product": [
        0.0219670604789716,
        "seconds"
    ],
    "total_time": [
        1192.1647987210001,
        "seconds"
    ]
}