{
    "lenX": [
        1200,
        "entries"
    ],
    "lenY": [
        null,
        "entries"
    ],
    "r0_circ_gen": [
        0.7572096759999996,
        "seconds"
    ],
    "r0_circ_sim": [
        623.9971465790001,
        "seconds"
    ],
    "avg_circ_sim": [
        8.319961954386667,
        "seconds"
    ],
    "avg_mps_mem": [
        0.0792236328125,
        "MiB"
    ],
    "r0_broadcast": [
        13.473712190000015,
        "seconds"
    ],
    "gpu_mps_mem": [
        95.068359375,
        "MiB"
    ],
    "r0_product": [
        4012.579234959,
        "seconds"
    ],
    "avg_product": [
        0.08924180403796456,
        "seconds"
    ],
    "total_time": [
        4678.517910427,
        "seconds"
    ]
}