{
    "lenX": [
        240,
        "entries"
    ],
    "lenY": [
        null,
        "entries"
    ],
    "r0_circ_gen": [
        0.027684043000000713,
        "seconds"
    ],
    "r0_circ_sim": [
        45.298076341,
        "seconds"
    ],
    "avg_circ_sim": [
        3.0198717560666664,
        "seconds"
    ],
    "avg_mps_mem": [
        0.0230712890625,
        "MiB"
    ],
    "r0_broadcast": [
        1.1505998200000107,
        "seconds"
    ],
    "gpu_mps_mem": [
        5.537109375,
        "MiB"
    ],
    "r0_product": [
        1209.8118874079998,
        "seconds"
    ],
    "avg_product": [
        0.6747417107685443,
        "seconds"
    ],
    "total_time": [
        1256.418452073,
        "seconds"
    ]
}