{
    "lenX": [
        20,
        "entries"
    ],
    "lenY": [
        null,
        "entries"
    ],
    "r0_circ_gen": [
        0.03288258700000135,
        "seconds"
    ],
    "r0_circ_sim": [
        24.594356826000002,
        "seconds"
    ],
    "avg_circ_sim": [
        8.198118942,
        "seconds"
    ],
    "avg_mps_mem": [
        0.0792236328125,
        "MiB"
    ],
    "r0_broadcast": [
        0.14136041700000135,
        "seconds"
    ],
    "gpu_mps_mem": [
        1.58447265625,
        "MiB"
    ],
    "r0_product": [
        2.205721629000003,
        "seconds"
    ],
    "avg_product": [
        0.09190506787500012,
        "seconds"
    ],
    "total_time": [
        26.985804951,
        "seconds"
    ]
}