{
    "lenX": [
        16,
        "entries"
    ],
    "lenY": [
        null,
        "entries"
    ],
    "n_tiles": [
        64,
        "tiles"
    ],
    "value_of_zero": [
        1e-16,
        ""
    ],
    "vdots_per_tile": [
        4,
        "entries"
    ],
    "total_time": [
        128.01755555399998,
        "seconds"
    ],
    "median_tile_time": [
        32.95297156699999,
        "seconds"
    ],
    "median_circ_sim": [
        5.308395235,
        "seconds"
    ],
    "median_product": [
        0.0017340745000000001,
        "seconds"
    ],
    "ave max chi x": [
        8.666666666666666,
        "chi x"
    ],
    "ave max chi y": [
        12.666666666666666,
        "chi y"
    ]
}