{
    "lenX": [
        16,
        "entries"
    ],
    "lenY": [
        null,
        "entries"
    ],
    "n_tiles": [
        64,
        "tiles"
    ],
    "value_of_zero": [
        1e-16,
        ""
    ],
    "vdots_per_tile": [
        4,
        "entries"
    ],
    "total_time": [
        285.414059985,
        "seconds"
    ],
    "median_tile_time": [
        71.98530476599998,
        "seconds"
    ],
    "median_circ_sim": [
        16.121865374000002,
        "seconds"
    ],
    "median_product": [
        0.0023162345,
        "seconds"
    ],
    "ave max chi x": [
        9.833333333333334,
        "chi x"
    ],
    "ave max chi y": [
        10.666666666666666,
        "chi y"
    ]
}