{
    "lenX": [
        20,
        "entries"
    ],
    "lenY": [
        null,
        "entries"
    ],
    "r0_circ_gen": [
        0.022657905999999173,
        "seconds"
    ],
    "r0_circ_sim": [
        22.341600925,
        "seconds"
    ],
    "avg_circ_sim": [
        11.1708004625,
        "seconds"
    ],
    "avg_mps_mem": [
        0.0792236328125,
        "MiB"
    ],
    "r0_broadcast": [
        1.3960119350000042,
        "seconds"
    ],
    "gpu_mps_mem": [
        1.58447265625,
        "MiB"
    ],
    "r0_product": [
        31.163588005999998,
        "seconds"
    ],
    "avg_product": [
        2.5969656671666663,
        "seconds"
    ],
    "total_time": [
        54.925450554,
        "seconds"
    ]
}