{
    "lenX": [
        1200,
        "entries"
    ],
    "lenY": [
        null,
        "entries"
    ],
    "r0_circ_gen": [
        0.35893425899999976,
        "seconds"
    ],
    "r0_circ_sim": [
        377.25775292,
        "seconds"
    ],
    "avg_circ_sim": [
        5.030103372266666,
        "seconds"
    ],
    "avg_mps_mem": [
        0.0474853515625,
        "MiB"
    ],
    "r0_broadcast": [
        7.27883783499999,
        "seconds"
    ],
    "gpu_mps_mem": [
        56.982421875,
        "MiB"
    ],
    "r0_product": [
        2103.9969623730003,
        "seconds"
    ],
    "avg_product": [
        0.046793963089051004,
        "seconds"
    ],
    "total_time": [
        2498.9206249609997,
        "seconds"
    ]
}