{
    "lenX": [
        16,
        "entries"
    ],
    "lenY": [
        null,
        "entries"
    ],
    "n_tiles": [
        64,
        "tiles"
    ],
    "truncation_error": [
        1e-16,
        ""
    ],
    "vdots_per_tile": [
        4,
        "entries"
    ],
    "total_time": [
        4325.772003598,
        "seconds"
    ],
    "median_tile_time": [
        497.311652715,
        "seconds"
    ],
    "median_circ_sim": [
        114.908182404,
        "seconds"
    ],
    "median_product": [
        0.017776339500000002,
        "seconds"
    ],
    "ave max chi x": [
        34.333333333333336,
        "chi x"
    ],
    "ave max chi y": [
        48.166666666666664,
        "chi y"
    ]
}