{
    "lenX": [
        16,
        "entries"
    ],
    "lenY": [
        null,
        "entries"
    ],
    "n_tiles": [
        64,
        "tiles"
    ],
    "value_of_zero": [
        1e-16,
        ""
    ],
    "vdots_per_tile": [
        4,
        "entries"
    ],
    "total_time": [
        3382.370962719,
        "seconds"
    ],
    "median_tile_time": [
        214.81055710700002,
        "seconds"
    ],
    "median_circ_sim": [
        29.6963533045,
        "seconds"
    ],
    "median_product": [
        0.019445553499999997,
        "seconds"
    ],
    "ave max chi x": [
        37.333333333333336,
        "chi x"
    ],
    "ave max chi y": [
        32.333333333333336,
        "chi y"
    ]
}