{
    "lenX": [
        240,
        "entries"
    ],
    "lenY": [
        null,
        "entries"
    ],
    "r0_circ_gen": [
        0.07134551000000044,
        "seconds"
    ],
    "r0_circ_sim": [
        81.96572534799999,
        "seconds"
    ],
    "avg_circ_sim": [
        5.464381689866666,
        "seconds"
    ],
    "avg_mps_mem": [
        0.0474853515625,
        "MiB"
    ],
    "r0_broadcast": [
        1.2283986820000194,
        "seconds"
    ],
    "gpu_mps_mem": [
        11.396484375,
        "MiB"
    ],
    "r0_product": [
        2446.740597446,
        "seconds"
    ],
    "avg_product": [
        1.364607137448968,
        "seconds"
    ],
    "total_time": [
        2530.0176717920003,
        "seconds"
    ]
}