{
    "lenX": [
        240,
        "entries"
    ],
    "lenY": [
        null,
        "entries"
    ],
    "r0_circ_gen": [
        0.3385267089999999,
        "seconds"
    ],
    "r0_circ_sim": [
        1543.777327384,
        "seconds"
    ],
    "avg_circ_sim": [
        102.91848849226668,
        "seconds"
    ],
    "avg_mps_mem": [
        0.14355875651041666,
        "MiB"
    ],
    "r0_broadcast": [
        1.9802599770000597,
        "seconds"
    ],
    "gpu_mps_mem": [
        32.25128173828125,
        "MiB"
    ],
    "r0_product": [
        4077.572417468,
        "seconds"
    ],
    "avg_product": [
        2.2741619729325153,
        "seconds"
    ],
    "total_time": [
        5623.682536446,
        "seconds"
    ]
}