{
    "lenX": [
        20,
        "entries"
    ],
    "lenY": [
        null,
        "entries"
    ],
    "r0_circ_gen": [
        0.05384286900000035,
        "seconds"
    ],
    "r0_circ_sim": [
        260.300714409,
        "seconds"
    ],
    "avg_circ_sim": [
        52.060142881800004,
        "seconds"
    ],
    "avg_mps_mem": [
        0.0792236328125,
        "MiB"
    ],
    "r0_broadcast": [
        0.1415521270000113,
        "seconds"
    ],
    "gpu_mps_mem": [
        1.58447265625,
        "MiB"
    ],
    "r0_product": [
        31.75946226100001,
        "seconds"
    ],
    "avg_product": [
        0.6616554637708335,
        "seconds"
    ],
    "total_time": [
        292.257116333,
        "seconds"
    ]
}