features,entanglement,layers,gamma,neighbours,seed,median_mps_time,median_dot_time,avg_max_chi,avg_mps_mem
50,linear,2,0.5,4,5,5.463654932999816,0.006266703999926904,17.0,0.055002848307291664
50,linear,2,0.5,6,5,12.394317092500046,0.006642667500045718,43.0,0.9192708333333334
50,linear,2,0.5,2,5,1.571475641500001,0.00598495800022647,6.833333333333333,0.008076985677083334
50,linear,2,0.5,8,5,22.584830743999987,0.006695829500131367,107.16666666666667,7.594645182291667
50,linear,2,0.5,10,5,38.53889637049999,0.00707620200000747,149.66666666666666,11.105967203776041
