depth,AUC,recall,precision,accuracy
2,0.8979166666666666,0.9500000000000001,0.8628852089767909,0.8979166666666666
4,0.9,0.975,0.8492666126046878,0.9
8,0.84375,0.9958333333333332,0.7654514859157454,0.84375
12,0.8104166666666667,1.0,0.7265742643101133,0.8104166666666667
16,0.8104166666666668,0.9874999999999999,0.731672406908256,0.8104166666666668
20,0.7979166666666667,0.9916666666666667,0.7174018581562867,0.7979166666666667
